n07942152,people,(plural) any group of human beings (men or women or children) collectively," ""old people"""," ""there were at least 200 people in the audience"".",,,
n02472293,"homo, man, human being, human","any living or extinct member of the family Hominidae characterized by superior intelligence, articulate speech, and erect carriage.",,,,,
n09918248,"child, kid",a human offspring (son or daughter) of any age," ""they had three children"""," ""they were able to send their kids to college"".",,,
n02975212,"case, display case, showcase, vitrine",a glass container used to store and display items in a shop or museum or home.,,,,,
n03544360,house,a dwelling that serves as living quarters for one or more families," ""he has a house on Cape Cod"""," ""she felt she had to get out of the house"".",,,
n04146050,"school, schoolhouse",a building where young people receive education," ""the school was built in 1932"""," ""he walked to school every morning"".",,,
n08238463,"class, form, grade, course",a body of students who are taught together," ""early morning classes are always sleepy"".",,,,
n04105893,room,an area within a building enclosed by walls and floor and ceiling," ""the rooms were very small but they had a nice view"".",,,,
n03528100,"home, nursing home, rest home",an institution where people are cared for," ""a home for the elderly"".",,,,
n04453666,top,a garment (especially for women) that extends from the shoulders to the waist or hips," ""he stared as she buttoned her top"".",,,,
n10787470,"woman, adult female",an adult female person (as opposed to a man)," ""the woman kept house while the man hunted"".",,,,
n04359589,support,any device that bears the weight of another thing," ""there was no place to attach supports for a shelf"".",,,,
n03841666,"office, business office",place of business where professional or clerical duties are performed," ""he rented an office in the new building"".",,,,
n02993546,"center, centre",a building dedicated to a particular activity," ""they were raising money to build a new center for research"".",,,,
n04345028,study,a room used for reading and writing and studying," ""he knocked lightly on the closed door of the study"".",,,,
n09763784,"acquaintance, friend",a person with whom you are acquainted," ""I have trouble remembering the names of all my acquaintances"""," ""we are friends of the family"".",,,
n03365991,"floor, level, storey, story",a structure consisting of a room or set of rooms at a single position along a vertical scale," ""what level is the office on?"".",,,,
n14974264,paper,a material made of cellulose pulp derived mainly from wood or rags or certain grasses.,,,,,
n03259505,"dwelling, home, domicile, abode, habitation, dwelling house",housing that someone is living in," ""he built a modest dwelling near the pond"""," ""they raise money to provide homes for the homeless"".",,,
n06359193,"web site, website, internet site, site",has bow a computer connected to the internet that maintains a series of web pages on the World Wide Web," ""the Israeli web site was damaged by hostile hackers"".",,,,
n05538625,"head, caput",the upper part of the human body or the front part of the body in animals, contains the face and brains," ""he stuck his head out the window"".",,,
n06267145,"newspaper, paper",has bow a daily or weekly publication on folded sheets, contains news and articles and advertisements," ""he read his newspaper at breakfast"".",,,
n09437454,"slope, incline, side",an elevated geological formation," ""he climbed the steep slope"""," ""the house was built on the side of a mountain"".",,,
n04096066,"road, route",an open way (generally public) for travel or transportation.,,,,,
n04008385,"production line, assembly line, line",mechanical system in a factory whereby an article is conveyed through sites at which successive operations are performed on it.,,,,,
n03076708,"commodity, trade good, good",articles of commerce.,,,,,
n04335209,street,the part of a thoroughfare between the sidewalks, the part of the thoroughfare on which vehicles travel," ""be careful crossing the street"".",,,
n04402057,"telephone line, phone line, telephone circuit, subscriber line, line",a telephone connection.,,,,,
n10467179,president,the chief executive of a republic.,,,,,
n06613686,"movie, film, picture, moving picture, moving-picture show, motion picture, motion-picture show, picture show, pic, flick",a form of entertainment that enacts a story by sound and a sequence of images giving the illusion of continuous movement," ""they went to a movie every Saturday night"""," ""the film was shot on location"".",,,
n10665698,"student, pupil, educatee",a learner who is enrolled in an educational institution.,,,,,
n03733547,means,an instrumentality for accomplishing some end.,,,,,
n03956922,"plant, works, industrial plant",buildings for carrying on industrial labor," ""they built a large plant to manufacture automobiles"".",,,,
n00021265,"food, nutrient",any substance that can be metabolized by an animal to give energy and build tissue.,,,,,
n02913152,"building, edifice",a structure that has a roof and walls and stands more or less permanently in one place," ""there was a three-story building on the corner"""," ""it was an imposing edifice"".",,,
n04217882,"signboard, sign",structure displaying a board on which advertisements can be posted," ""the highway was lined with signboards"".",,,,
n04534127,"video recording, video",a recording of both the visual and audible components (especially one containing a recording of a movie or television program).,,,,,
n02788689,bar,a rigid piece of metal or wood, usually used as a fastening or obstruction or weapon," ""there were bars in the windows to prevent escape"".",,,
n09416076,"rock, stone",a lump or mass of hard consolidated mineral matter," ""he threw a rock at me"".",,,,
n13905792,"wrinkle, furrow, crease, crinkle, seam, line",a slight depression in the smoothness of a surface," ""his face has many lines"""," ""ironing gets rid of most wrinkles"".",,,
n04296562,stage,a large platform on which people can stand and can be seen by an audience," ""he clambered up onto the stage and got the actors to help him into the box"".",,,,
n04000311,"press, printing press",a machine used for printing.,,,,,
n03028079,"church, church building",has bow a place for public (especially Christian) worship," ""the church was empty"".",,,,
n02958343,"car, auto, automobile, machine, motorcar",a motor vehicle with four wheels, usually propelled by an internal combustion engine," ""he needs a car to get to work"".",,,
n03661043,library,has bow a building that houses a collection of books and other materials.,,,,,
n02883344,box,a (usually rectangular) container, may have a lid," ""he rummaged through a box of spare parts"".",,,
n04202417,"shop, store",a mercantile establishment for the retail sale of goods or services," ""he bought it at a shop on Cape Cod"".",,,,
n03461385,"grocery store, grocery, food market, market",has bow a marketplace where groceries are sold," ""the grocery store included a meat market"".",,,,
n10027246,"double, image, look-alike",someone who closely resembles a famous person (especially an actor)," ""he could be Gingrich's double"""," ""she's the very image of her mother"".",,,
n09815790,"assistant, helper, help, supporter",a person who contributes to the fulfillment of a need or furtherance of an effort or purpose," ""my invaluable assistant"""," ""they hired additional help to finish the work"".",,,
n13865904,heart,a plane figure with rounded sides curving inward at the top and intersecting at the bottom, conventionally used on playing cards and valentines," ""he drew a heart and called it a valentine"".",,,
n10036266,"drug user, substance abuser, user",a person who takes drugs.,,,,,
n04379964,table,a piece of furniture with tableware for a meal laid out on it," ""I reserved a table at my favorite restaurant"".",,,,
n03343560,fire,a fireplace in which a relatively small fire is burning," ""they sat by the fire and talked"".",,,,
n09403734,"range, mountain range, range of mountains, chain, mountain chain, chain of mountains",a series of hills or mountains," ""the valley was between two ranges of hills"""," ""the plains lay just beyond the mountain range"".",,,
n10130686,"girlfriend, girl, lady friend",a girl or young woman with whom a man is romantically involved," ""his girlfriend kicked him out"".",,,,
n03221720,door,a swinging or sliding barrier that will close the entrance to a room or building or vehicle," ""he knocked on the door"""," ""he slammed the door as he left"".",,,
n04341686,"structure, construction",a thing constructed, a complex entity constructed of many parts," ""the structure consisted of a series of arches"""," ""she wore her hair in an amazing construction of whirls and ribbons"".",,
n08573674,"battlefront, front, front line",the line along which opposing armies face each other.,,,,,
n08524735,"city, metropolis, urban center",a large and densely populated urban area, may include several independent administrative districts," ""Ancient Troy was a great city"".",,,
n03720163,map,a diagrammatic representation of the earth's surface (or part of it).,,,,,
n07765073,date,sweet edible fruit of the date palm with a single long woody seed.,,,,,
n04546855,wall,an architectural partition with a height and length greater than its thickness, used to divide or enclose an area or to support another structure," ""the south wall had a small window"""," ""the walls were covered with pictures"".",,
n03665366,"light, light source",any device serving as a source of illumination," ""he stopped the car and turned off the lights"".",,,,
n03618101,king,(chess) the weakest but the most important piece.,,,,,
n09213565,bank,sloping land (especially the slope beside a body of water)," ""they pulled the canoe up on the bank"""," ""he sat on the bank of the river and watched the currents"".",,,
n02959942,"car, railcar, railway car, railroad car",a wheeled vehicle adapted to the rails of railroad," ""three cars had jumped the rails"".",,,,
n03613294,key,metal device shaped in such a way that when it is inserted into the appropriate lock the lock's mechanism can be rotated.,,,,,
n03120198,"court, courtyard",an area wholly or partly surrounded by walls or buildings," ""the house was built around an inner court"".",,,,
n10324560,"model, poser",a person who poses for a photographer or painter or sculptor," ""the president didn't have time to be a model so the artist worked from photos"".",,,,
n03412058,"gallery, art gallery, picture gallery",a room or series of rooms where works of art are exhibited.,,,,,
n03699975,machine,any mechanical or electrical device that transmits or modifies energy to perform or assist in the performance of human tasks.,,,,,
n10439851,"player, participant",a person who participates in or is skilled at some game.,,,,,
n09444783,star,any celestial body visible (as a point of light) from the Earth at night.,,,,,
n04165945,"security system, security measure, security",an electrical device that sets off an alarm when someone tries to break in.,,,,,
n03542333,hotel,a building where travelers can pay for lodging and meals and other services.,,,,,
n06272803,"call, phone call, telephone call",a telephone connection," ""she reported several anonymous calls"""," ""he placed a phone call to London"""," ""he heard the phone ringing but didn't want to take the call"".",,
n03478907,hall,a large room for gatherings or entertainment," ""lecture hall"""," ""pool hall"".",,,
n03666591,"lighter, light, igniter, ignitor",has bow a device for lighting or igniting fuel or charges or fires," ""do you have a light?"".",,,,
n10405694,patient,a person who requires medical care," ""the number of emergency patients has grown rapidly"".",,,,
n03478756,hall,a large building for meetings or entertainment.,,,,,
n03309808,"fabric, cloth, material, textile",artifact made by weaving or felting or knitting or crocheting natural or synthetic fibers," ""the fabric in the curtains was light and semitransparent"""," ""woven cloth originated in Mesopotamia around 5000 BC"""," ""she measured off enough material for a dress"".",,
n09450163,"sun, Sun",the star that is the source of light and heat for the planets in the solar system," ""the sun contains 99.85% of the mass in the solar system"""," ""the Earth revolves around the Sun"".",,,
n10084295,"female child, girl, little girl",a youthful female person," ""the baby was a girl"""," ""the girls were just learning to ride a tricycle"".",,,
n03338821,"film, photographic film",photographic material consisting of a base of celluloid covered with a photographic emulsion, used to make negatives or transparencies.,,,,
n02931417,"cabaret, nightclub, night club, club, nightspot",a spot that is open late at night and that provides entertainment (as singers or dancers) as well as dancing and food and drink," ""don't expect a good meal at a cabaret"""," ""the gossip columnist got his information by visiting nightclubs every night"""," ""he played the drums at a jazz club"".",,
n13881644,star,a plane figure with 5 or more points, often used as an emblem.,,,,
n06262567,"film, cinema, celluloid",a medium that disseminates moving pictures," ""theater pieces transferred to celluloid"""," ""this story would be good cinema"""," ""film coverage of sporting events"".",,
n04041544,"radio, wireless",has bow a communication system based on broadcasting electromagnetic waves.,,,,,
n10694258,"teacher, instructor",a person whose occupation is teaching.,,,,,
n03504723,"headquarters, central office, main office, home office, home base",(usually plural) the office that serves as the administrative center of an enterprise," ""many companies have their headquarters in New York"".",,,,
n03082979,"computer, computing machine, computing device, data processor, electronic computer, information processing system",a machine for performing calculations automatically.,,,,,
n13914608,"block, cube",a three-dimensional shape with six square or rectangular sides.,,,,,
n04314914,"step, stair",support consisting of a place to rest the foot while ascending or descending a stairway," ""he paused on the bottom step"".",,,,
n04405907,"television receiver, television, television set, tv, tv set, idiot box, boob tube, telly, goggle box",an electronic device that receives television signals and displays them on a screen," ""the British call a tv set a telly"".",,,,
n03442756,goal,game equipment consisting of the place toward which players of a game try to advance a ball or puck in order to score points.,,,,,
n02797692,"base, pedestal, stand",a support or foundation," ""the base of the lamp"".",,,,
n09217230,beach,an area of sand sloping down to the water of a sea or lake.,,,,,
n03294048,equipment,an instrumentality needed for an undertaking or to perform a service.,,,,,
n10020890,"doctor, doc, physician, MD, Dr., medico",a licensed medical practitioner," ""I felt so bad I went to see my doctor"".",,,,
n03336839,file,a steel hand tool with small sharp teeth on some or all of its surfaces, used for smoothing wood or metal.,,,,
n10243137,lady,a polite name for any woman," ""a nice lady at the library helped me"".",,,,
n02946921,"can, tin, tin can",airtight sealed metal container for food or drink or paint etc..,,,,,
n04451818,tool,an implement used in the practice of a vocation.,,,,,
n07565083,menu,the dishes making up a meal.,,,,,
n14633206,"carbon, C, atomic number 6",an abundant nonmetallic tetravalent element occurring in three allotropic forms, amorphous carbon and graphite and diamond, occurs in all organic compounds.,,,
n04288272,spring,a metal elastic device that returns to its shape or position when pushed or pulled or pressed," ""the spring was broken"".",,,,
n03147509,cup,a small open container usually used for drinking, usually has a handle," ""he put the cup back in the saucer"""," ""the handle of the cup was missing"".",,
n04330340,"stove, kitchen stove, range, kitchen range, cooking stove",a kitchen appliance used for cooking food," ""dinner was already on the stove"".",,,,
n03135532,cross,a wooden structure consisting of an upright post with a transverse piece.,,,,,
n09765278,"actor, histrion, player, thespian, role player",a theatrical performer.,,,,,
n00006484,cell,(biology) the basic structural and functional unit of all organisms, they may exist as independent units of life (as in monads) or may form colonies or tissues as in higher plants and animals.,,,,
n04555897,"watch, ticker",has bow a small portable timepiece.,,,,,
n07951464,"collection, aggregation, accumulation, assemblage",several things grouped together or considered as a whole.,,,,,
n10187130,host,a person who invites guests to a social event (such as a party in his or her own home) and who is responsible for them while they are there.,,,,,
n03001627,chair,"a seat for one person, with a support for the back"," ""he put his coat over the back of the chair and sat down"".",,,,
n03580615,"internet, net, cyberspace",a computer network consisting of a worldwide network of computer networks that use the TCP/IP network protocols to facilitate data transmission and exchange.,,,,,
n03540595,"hospital, infirmary",a health facility where patients receive treatment.,,,,,
n03820154,net,game equipment consisting of a strip of netting dividing the playing area in tennis or badminton.,,,,,
n02818832,bed,a piece of furniture that provides a place to sleep," ""he sat on the edge of the bed"""," ""the room had only a bed and chair"".",,,
n02849154,"blanket, cover",bedding that keeps a person warm in bed," ""he pulled the covers over his head and went to sleep"".",,,,
n04118776,"rule, ruler",has bow measuring stick consisting of a strip of wood or metal or plastic with a straight edge that is used for drawing straight lines and measuring lengths.,,,,,
n04043733,"radio receiver, receiving set, radio set, radio, tuner, wireless",an electronic receiver that detects and demodulates and amplifies transmitted signals.,,,,,
n06591815,"album, record album",one or more recordings issued together, originally released on 12-inch phonograph records (usually with attractive record covers) and later on cassette audiotape and compact disc.,,,,
n09303008,hill,a local and well-defined elevation of the land," ""they loved to roam the hills of West Virginia"".",,,,
n09359803,"mountain, mount",a land mass that projects well above its surroundings, higher than a hill.,,,,
n13104059,tree,a tall perennial woody plant having a main trunk and branches forming a distinct elevated crown, includes both gymnosperms and angiosperms.,,,,
n00468480,"football, football game",any of various games played with a ball (round or oval) in which two teams try to kick or carry or propel the ball into each other's goal.,,,,,
n04401088,"telephone, phone, telephone set",electronic equipment that converts sound into electrical signals that can be transmitted over distances and then converts received signals back into sounds," ""I talked to him on the telephone"".",,,,
n03744276,"memory, computer memory, storage, computer storage, store, memory board",an electronic memory device," ""a memory and the CPU form the central part of a computer to which peripherals are attached"".",,,,
n04151940,"screen, cover, covert, concealment",a covering that serves to conceal or shelter something," ""a screen of trees afforded privacy"""," ""under cover of darkness"""," ""the brush provided a covert for game"""," ""the simplest concealment is to match perfectly the color of the background"".",
n03287733,engine,motor that converts thermal energy to mechanical work.,,,,,
n02778669,ball,round object that is hit or thrown or kicked in games," ""the ball travelled 90 mph on his serve"""," ""the mayor threw out the first ball"""," ""the ball rolled into the corner pocket"".",,
n07575726,dinner,the main meal of the day served in the evening or at midday," ""dinner will be at 8"""," ""on Sundays they had a large dinner when they returned from church"".",,,
n03619890,kitchen,a room equipped for preparing meals.,,,,,
n03688832,"looking glass, glass",a mirror, usually a ladies' dressing mirror.,,,,
n02928608,button,has bow a round fastener sewn to shirts and coats etc to fit through buttonholes.,,,,,
n04967191,"green, greenness, viridity",green color or pigment, resembling the color of growing grass.,,,,
n04968895,"blue, blueness",blue color or pigment, resembling the color of the clear sky in the daytime," ""he had eyes of bright blue"".",,,
n10150940,"guest, invitee",a visitor to whom hospitality is extended.,,,,,
n03800563,museum,a depository for collecting and displaying objects having scientific or historical or artistic value.,,,,,
n03652932,"leash, tether, lead",restraint consisting of a rope (or light chain) used to restrain an animal.,,,,,
n01503061,bird,warm-blooded egg-laying vertebrates characterized by feathers and forelimbs modified as wings.,,,,,
n02992529,"cellular telephone, cellular phone, cellphone, cell, mobile phone","has bow a hand-held mobile radiotelephone for use in an area divided into small sections, each with its own short-range transmitter/receiver.",,,,,
n04404412,"television, television system",has bow a telecommunication system that transmits images of objects (stationary or moving) between distant points.,,,,,
n09632518,worker,a person who works at a specific occupation," ""he is a good worker"".",,,,
n09247410,cloud,a visible mass of water or ice particles suspended at a considerable altitude.,,,,,
n00017222,"plant, flora, plant life",(botany) a living organism lacking the power of locomotion.,,,,,
n03438257,"glass, drinking glass",a container for holding liquids while drinking.,,,,,
n01887474,"livestock, stock, farm animal",any animals kept for use or profit.,,,,,
n03244388,"driveway, drive, private road",a road leading up to a private house," ""they parked in the driveway"".",,,,
n00523513,"sport, athletics",an active diversion requiring physical exertion and competition.,,,,,
n04216634,"sieve, screen",a strainer for separating lumps from powdered material or grading particles.,,,,,
n01321579,"young, offspring",any immature animal.,,,,,
n00464894,"golf, golf game",a game played on a large open course with 9 or 18 holes, the object is use as few strokes as possible in playing all the holes.,,,,
n02796995,"barroom, bar, saloon, ginmill, taproom",a room or establishment where alcoholic drinks are served over a counter," ""he drowned his sorrows in whiskey at the bar"".",,,,
n04204755,"short circuit, short",accidental contact between two points in an electric circuit that have a potential difference.,,,,,
n02416820,kid,young goat.,,,,,
n03046257,clock,a timepiece that shows the time of day.,,,,,
n07856270,"spread, paste",a tasty mixture to be spread on bread or crackers or used in preparing other dishes.,,,,,
n02512053,fish,any of various mostly cold-blooded aquatic vertebrates usually having scales and breathing through gills," ""the shark is a large fish"""," ""in the living room there was a tank of colorful fish"".",,,
n07739125,apple,fruit with red or yellow or green skin and sweet to tart crisp whitish flesh.,,,,,
n03365592,"floor, flooring","the inside lower horizontal surface (as of a room, hallway, tent, or other structure)"," ""they needed rugs to cover the bare floors"""," ""we spread our sleeping bags on the dry floor of the tent"".",,,
n02374451,"horse, Equus caballus",solid-hoofed herbivorous quadruped domesticated since prehistoric times.,,,,,
n02991302,"cell, jail cell, prison cell",a room where a prisoner is kept.,,,,,
n04151581,screen,a protective covering consisting of netting, can be mounted in a frame," ""they put screens in the windows for protection against insects"""," ""a metal screen protected the observers"".",,
n02942699,"camera, photographic camera",equipment for taking photographs (usually consisting of a lightproof box with a lens at one end and light-sensitive film at the other).,,,,,
n02977438,"cash register, register",a cashbox with an adding machine to register transactions, used in shops to add up the bill.,,,,
n03863108,overall,(usually plural) work clothing consisting of denim trousers (usually with a bib and shoulder straps).,,,,,
n10225219,"judge, justice, jurist",a public official authorized to decide questions brought before a court of justice.,,,,,
n09436708,sky,the atmosphere and outer space as viewed from the earth.,,,,,
n03768132,mine,explosive device that explodes on contact, designed to destroy vehicles or ships or to kill or maim personnel.,,,,
n10077593,"fan, buff, devotee, lover",an ardent follower and admirer.,,,,,
n03416640,"garage, service department",a repair shop where cars and trucks are serviced and repaired.,,,,,
n02999410,chain,a series of (usually metal) rings or links fitted into one another to make a flexible ligament.,,,,,
n09246464,"cliff, drop, drop-off",has bow a steep high face of rock," ""he stood on a high cliff overlooking the town"""," ""a steep drop"".",,,
n07933274,tea,a beverage made by steeping tea leaves in water," ""iced tea is a cooling drink"".",,,,
n04161981,seat,furniture that is designed for sitting on," ""there were not enough seats for all the guests"".",,,,
n04460130,tower,a structure taller than its diameter, can stand alone or be attached to a larger building.,,,,
n08182379,crowd,a large number of things or people considered together," ""a crowd of insects assembled around the flowers"".",,,,
n06892775,concert,a performance of music by players or singers not involving theatrical staging.,,,,,
n00015388,"animal, animate being, beast, brute, creature, fauna",a living organism characterized by voluntary movement.,,,,,
n04141975,"scale, weighing machine",has bow a measuring instrument for weighing, shows amount of mass.,,,,
n03624767,"knight, horse",a chessman shaped to resemble the head of a horse, can move two squares horizontally and one vertically (or vice versa).,,,,
n03337140,"file, file cabinet, filing cabinet",has bow office furniture consisting of a container for keeping papers in order.,,,,,
n07679356,"bread, breadstuff, staff of life",food made from dough of flour or meal and usually raised with yeast or baking powder and then baked.,,,,,
n14915184,"ice, water ice",water frozen in the solid state," ""Americans like ice in their drinks"".",,,,
n07929519,"coffee, java",a beverage consisting of an infusion of ground coffee beans," ""he ordered a cup of coffee"".",,,,
n03870672,pack,a bundle (especially one carried on the back).,,,,,
n13873502,circle,ellipse in which the two axes are of equal length, a plane curve generated by one point moving at a constant distance from a fixed point," ""he calculated the circumference of the circle"".",,,
n10602985,"sister, sis",a female person who has the same parents as another person," ""my sister married a musician"".",,,,
n04571292,"weight, free weight, exercising weight",sports equipment used in calisthenic exercises and weightlifting, it is not attached to anything and is raised and lowered by use of the hands and arms.,,,,
n04520170,van,a truck with an enclosed cargo space.,,,,,
n10782940,"winner, victor",the contestant who wins the contest.,,,,,
n03961939,platform,a raised horizontal surface," ""the speaker mounted the platform"".",,,,
n07891726,"wine, vino",fermented juice (of grapes especially).,,,,,
n09468604,"valley, vale",has bow a long depression in the surface of the land that usually contains a river.,,,,,
n04004767,printer,has bow (computer science) an output device that prints the results of data processing.,,,,,
n04468005,"train, railroad train",public transport provided by a line of railway cars coupled together and drawn by a locomotive," ""express trains don't stop at Princeton Junction"".",,,,
n10499355,"queen, queen regnant, female monarch",a female sovereign ruler.,,,,,
n10579062,senior,an undergraduate student during the year preceding graduation.,,,,,
n03654826,leg,one of the supports for a piece of furniture.,,,,,
n03546340,"housing, lodging, living accommodations",structures collectively in which people are housed.,,,,,
n02084071,"dog, domestic dog, Canis familiaris",a member of the genus Canis (probably descended from the common wolf) that has been domesticated by man since prehistoric times, occurs in many breeds," ""the dog barked all night"".",,,
n10292316,"manufacturer, producer",someone who manufactures something.,,,,,
n03354903,flag,emblem usually consisting of a rectangular piece of cloth of distinctive design.,,,,,
n02898711,"bridge, span",has bow a structure that allows people or vehicles to cross an obstacle such as a river or canal or railway etc..,,,,,
n02726305,"apartment, flat",a suite of rooms usually on one floor of an apartment house.,,,,,
n04524313,vehicle,a conveyance that transports people or objects.,,,,,
n13134947,fruit,the ripened reproductive body of a seed plant.,,,,,
n03179701,desk,has bow a piece of furniture with a writing surface and usually drawers or other compartments.,,,,,
n07574602,breakfast,the first meal of the day (usually in the morning).,,,,,
n04351550,"suite, rooms",apartment consisting of a series of connected rooms used as a living unit (as in a hotel).,,,,,
n10299250,"master of ceremonies, emcee, host",a person who acts as host at formal occasions (makes an introductory speech and introduces other speakers).,,,,,
n04565375,"weapon, arm, weapon system",any instrument or instrumentality used in fighting or hunting," ""he was licensed to carry a weapon"".",,,,
n04299215,"stall, stand, sales booth",a booth where articles are displayed for sale.,,,,,
n11508382,"snow, snowfall",precipitation falling from clouds in the form of ice crystals.,,,,,
n04063868,recording,a storage device on which information (sounds or images) have been recorded.,,,,,
n02118333,fox,alert carnivorous mammal with pointed muzzle and ears and a bushy tail, most are predators that do not hunt in packs.,,,,
n04981658,ring,a characteristic sound," ""it has the ring of sincerity"".",,,,
n03773035,mirror,polished surface that forms images by reflecting light.,,,,,
n04197391,shirt,a garment worn on the upper half of the body.,,,,,
n02945813,"camp, refugee camp",shelter for persons displaced by war or political oppression or for religious beliefs.,,,,,
n04236377,"sleeve, arm",the part of a garment that is attached at the armhole and that provides a cloth covering for the arm.,,,,,
n03224893,"dormitory, dorm, residence hall, hall, student residence",a college or university building containing living quarters for students.,,,,,
n07841037,"egg white, white, albumen, ovalbumin",the white part of an egg, the nutritive and protective gelatinous substance surrounding the yolk consisting mainly of albumin dissolved in water," ""she separated the whites from the yolks of several eggs"".",,,
n02858304,boat,a small vessel for travel on water.,,,,,
n02670683,"accelerator, accelerator pedal, gas pedal, gas, throttle, gun",a pedal that controls the throttle valve," ""he stepped on the gas"".",,,,
n03759954,"microphone, mike",has bow device for converting sound waves into electrical energy.,,,,,
n09376198,ocean,a large body of water constituting a principal part of the hydrosphere.,,,,,
n03116530,counter,table consisting of a horizontal surface over which business is transacted.,,,,,
n04027023,"push button, push, button",an electrical switch operated by pressing," ""the elevator was operated by push buttons"""," ""the push beside the bed operated a buzzer at the desk"".",,,
n03358172,"flash, photoflash, flash lamp, flashgun, flashbulb, flash bulb",has bow a lamp for providing momentary light to take a photograph.,,,,,
n03728437,"match, lucifer, friction match",lighter consisting of a thin piece of wood or cardboard tipped with combustible chemical, ignites with friction," ""he always carries matches to light his pipe"""," ""as long you've a lucifer to light your fag"".",,
n03735637,"measuring stick, measure, measuring rod",measuring instrument having a sequence of marks at regular intervals, used as a reference in making measurements.,,,,
n11669921,flower,a plant cultivated for its blooms or blossoms.,,,,,
n04081281,"restaurant, eating house, eating place, eatery",has bow a building where people go to eat.,,,,,
n10734394,twin,either of two offspring born at the same time from the same pregnancy.,,,,,
n09265620,"descent, declivity, fall, decline, declination, declension, downslope",a downward slope or bend.,,,,,
n04018399,"public house, pub, saloon, pothouse, gin mill, taphouse",tavern consisting of a building with a bar and public rooms, often provides light meals.,,,,
n03619396,"kit, outfit",gear consisting of a set of articles or tools for a specified purpose.,,,,,
n02980441,castle,has bow a large building formerly occupied by a ruler and fortified against attack.,,,,,
n09428293,"seashore, coast, seacoast, sea-coast",has bow the shore of a sea or ocean.,,,,,
n02742753,arrow,a projectile with a straight thin shaft and an arrowhead on one end and stabilizing vanes on the other, intended to be shot from a bow.,,,,
n02190166,fly,has bow two-winged insects characterized by active flight.,,,,,
n10366966,nurse,one skilled in caring for young children or the sick (usually under the supervision of a physician).,,,,,
n07680932,"bun, roll",small rounded bread either plain or sweet.,,,,,
n03467984,gun,a weapon that discharges a missile at high velocity (especially from a metal tube or barrel).,,,,,
n13125117,root,(botany) the usually underground organ that lacks buds or leaves or nodes, absorbs water and mineral salts, usually it anchors the plant to the ground.,,,
n02807731,"bathroom, bath",a room (as in a residence) containing a bathtub or shower and usually a washbasin and toilet.,,,,,
n03595614,"jersey, T-shirt, tee shirt",has bow a close-fitting pullover shirt.,,,,,
n13650447,"yard, pace",a unit of length equal to 3 feet, defined as 91.44 centimeters, originally taken to be the average length of a stride.,,,
n03993703,"pound, dog pound",a public enclosure for stray or unlicensed dogs," ""unlicensed dogs will be taken to the pound"".",,,,
n07881800,"beverage, drink, drinkable, potable",any liquid suitable for drinking," ""may I take your beverage order?"".",,,,
n06281040,reception,quality or fidelity of a received broadcast.,,,,,
n07578093,"banquet, feast, spread",a meal that is well prepared and greatly enjoyed," ""a banquet for the graduating seniors"""," ""the Thanksgiving feast"""," ""they put out quite a spread"".",,
n04188179,"sheet, bed sheet",bed linen consisting of a large rectangular piece of cotton or linen cloth, used in pairs.,,,,
n03339643,filter,device that removes something from whatever passes through it.,,,,,
n02728440,"apparel, wearing apparel, dress, clothes",clothing in general," ""she was refined in her choice of apparel"""," ""he always bought his clothes at the same store"""," ""fastidious about his dress"".",,
n07747607,orange,has bow round yellow to orange fruit of any of several citrus trees.,,,,,
n02131653,bear,massive plantigrade carnivorous or omnivorous mammals with long shaggy coats and strong claws.,,,,,
n04965179,"orange, orangeness",orange color or pigment, any of a range of colors between red and yellow.,,,,
n07840804,"egg, eggs",oval reproductive body of a fowl (especially a hen) used as food.,,,,,
n03431243,"gear, gear mechanism",a mechanism for transmitting motion for some specific purpose (as the steering gear of a vehicle).,,,,,
n00480993,"basketball, basketball game, hoops",a game played on a court by two opposing teams of 5 players, points are scored by throwing the ball through an elevated horizontal hoop.,,,,
n02878222,"bottom, freighter, merchantman, merchant ship",a cargo ship," ""they did much of their overseas trade in foreign bottoms"".",,,,
n02774152,"bag, handbag, pocketbook, purse",a container used for carrying money and small personal items or accessories (especially by women)," ""she reached into her bag and found a comb"".",,,,
n10763383,"waiter, server",a person whose occupation is to serve at table (as in a restaurant).,,,,,
n10622053,soldier,an enlisted man or woman who serves in an army," ""the soldiers stood at attention"".",,,,
n02827606,belt,a band to tie or buckle around the body (usually at the waist).,,,,,
n01318894,pet,a domesticated animal kept for companionship or amusement.,,,,,
n04052442,"ranch, spread, cattle ranch, cattle farm",farm consisting of a large tract of land along with facilities needed to raise livestock (especially cattle).,,,,,
n02876657,bottle,a glass or plastic vessel used for storing drinks or other liquids, typically cylindrical without handles and with a narrow neck that can be plugged or capped.,,,,
n02788021,"banner, streamer",long strip of cloth or paper used for decoration or advertising.,,,,,
n02330245,mouse,any of numerous small rodents typically resembling diminutive rats having pointed snouts and small ears on elongated bodies with slender usually hairless tails.,,,,,
n00471613,"baseball, baseball game",a ball game played with a bat and ball between two teams of nine players, teams take turns at bat trying to score runs," ""he played baseball in high school"""," ""there was a baseball game on every empty lot"""," ""there was a desire for National League ball in the area"""," ""play ball!""."
n02121620,"cat, true cat",feline mammal usually having thick soft fur and no ability to roar, domestic cats, wildcats.,,,
n02954938,cap,a top (as for a bottle).,,,,,
n02897820,brick,has bow rectangular block of clay baked by the sun or in a kiln, used as a building or paving material.,,,,
n03467517,guitar,a stringed instrument usually having six strings, played by strumming or plucking.,,,,
n04373894,"sword, blade, brand, steel",has bow a cutting or thrusting weapon that has a long metal blade and a hilt with a hand guard.,,,,,
n03038685,"classroom, schoolroom",a room in a school where lessons take place.,,,,,
n01794158,"turkey, Meleagris gallopavo",large gallinaceous bird with fan-shaped tail, widely domesticated for food.,,,,
n07844042,milk,a white nutritious liquid secreted by mammals and used as food by human beings.,,,,,
n02933112,cabinet,a piece of furniture resembling a cupboard with doors and shelves and drawers, for storage or display.,,,,
n10150071,guard,a person who keeps watch over something or someone.,,,,,
n12620196,"rose, rosebush",any of many shrubs of the genus Rosa that bear roses.,,,,,
n02686568,aircraft,a vehicle that can fly.,,,,,
n04594218,wire,ligament made of metal and used to fasten things or make cages or fences etc.,,,,,
n07557434,dish,a particular item of prepared food," ""she prepared a special dish for dinner"".",,,,
n03691817,"lounge, waiting room, waiting area",a room (as in a hotel or airport) with seating where people can wait.,,,,,
n07573696,"meal, repast",the food served and eaten at one time.,,,,,
n00482298,"tennis, lawn tennis",a game played with rackets by two or four players who hit a ball back and forth over a net that divides the court.,,,,,
n04962062,"ash grey, ash gray, silver, silver grey, silver gray",a light shade of grey.,,,,,
n03574816,instrument,a device that requires skill for proper use.,,,,,
n00478262,"soccer, association football",a football game in which two teams of 11 players try to kick or head a ball into the opponents' goal.,,,,,
n03691459,"loudspeaker, speaker, speaker unit, loudspeaker system, speaker system",has bow electro-acoustic transducer that converts electrical signals into sounds loud enough to be heard at a distance.,,,,,
n15019030,sand,a loose material consisting of grains of rock or coral.,,,,,
n03073977,"column, pillar",(architecture) a tall vertical cylindrical structure standing upright and used to support a structure.,,,,,
n03316105,"facsimile, facsimile machine, fax",duplicator that transmits the copy by wire or radio.,,,,,
n03015254,"chest of drawers, chest, bureau, dresser",furniture with drawers for keeping clothes.,,,,,
n12102133,grass,narrow-leaved green herbage, grown as lawns, used as pasture for grazing animals, cut and dried as hay.,,
n14844693,"soil, dirt",the part of the earth's surface consisting of humus and disintegrated rock.,,,,,
n02764614,"axis, axis of rotation",the center around which something rotates.,,,,,
n03743902,"memorial, monument",a structure erected to commemorate persons or events.,,,,,
n03032252,"cinema, movie theater, movie theatre, movie house, picture palace",has bow a theater where films are shown.,,,,,
n02834778,"bicycle, bike, wheel, cycle",a wheeled vehicle that has two wheels and is moved by foot pedals.,,,,,
n09931418,"coach, private instructor, tutor","a person who gives private instruction (as in singing, acting, etc.).",,,,,
n03738472,mechanism,device consisting of a piece of machinery, has moving parts that perform some function.,,,,
n02881193,bowl,a round vessel that is open at the top, used chiefly for holding food or liquids,.,,,
n03800933,"musical instrument, instrument",any of various devices or contrivances that can be used to produce musical tones or sounds.,,,,,
n03316406,"factory, mill, manufacturing plant, manufactory",a plant consisting of one or more buildings with facilities for manufacturing.,,,,,
n03877845,palace,official residence of an exalted person (as a sovereign).,,,,,
n02821627,"bedroom, sleeping room, sleeping accommodation, chamber, bedchamber",a room used primarily for sleeping.,,,,,
n04317420,stick,an implement consisting of a length of wood," ""he collected dry sticks for a campfire"""," ""the kid had a candied apple on a stick"".",,,
n07923748,juice,the liquid part that can be extracted from plant or animal tissue by squeezing or cooking.,,,,,
n03972524,pocket,a small pouch inside a garment for carrying small articles.,,,,,
n04005630,"prison, prison house",has bow a correctional institution where persons are confined while on trial or for punishment.,,,,,
n04137444,"satellite, artificial satellite, orbiter",man-made equipment that orbits around the earth or the moon.,,,,,
n04199027,shoe,footwear shaped to fit the foot (below the ankle) with a flexible upper of leather or plastic and a sole and heel of heavier material.,,,,,
n04391838,"tape, tape recording, taping",a recording made on magnetic tape," ""the several recordings were combined on a master tape"".",,,,
n02715513,"anteroom, antechamber, entrance hall, hall, foyer, lobby, vestibule",a large entrance or reception room or area.,,,,,
n02935658,"cafe, coffeehouse, coffee shop, coffee bar",a small restaurant where drinks and snacks are sold.,,,,,
n04574999,wheel,a simple machine consisting of a circular frame with spokes (or a solid disc) that can rotate on a shaft or axle (as in vehicles or other machines).,,,,,
n13901321,"pipe, tube",a hollow cylindrical shape.,,,,,
n03427296,gate,a movable barrier in a fence or wall.,,,,,
n02773838,"bag, traveling bag, travelling bag, grip, suitcase",has bow a portable rectangular container for carrying clothes," ""he carried his small bag onto the plane with him"".",,,,
n07575076,"lunch, luncheon, tiffin, dejeuner",a midday meal.,,,,,
n07583197,soup,liquid food especially of meat or fish or vegetable stock often containing pieces of solid food.,,,,,
n03306869,"extension, telephone extension, extension phone",an additional telephone set that is connected to the same telephone line.,,,,,
n05238282,"skin, tegument, cutis",a natural protective body covering and site of the sense of touch," ""your skin is the largest organ of your body"".",,,,
n03793489,"mouse, computer mouse",has bow a hand-operated electronic device that controls the coordinates of a cursor on your computer screen as you move it around on a pad, on the bottom of the device is a ball that rolls on the surface of the pad," ""a mouse takes much more room than a trackball"".",,,
n00452293,"hunt, hunting",the pursuit and killing or capture of wild animals regarded as a sport.,,,,,
n03208556,"disk, disc",a flat circular plate.,,,,,
n08640531,"resort, resort hotel, holiday resort",a hotel located in a resort area.,,,,,
n03589791,jacket,a short coat.,,,,,
n02866578,bomb,an explosive device fused to explode under specific conditions.,,,,,
n10474064,princess,a female member of a royal family other than the queen (especially the daughter of a sovereign).,,,,,
n03115180,cotton,fabric woven from cotton fibers.,,,,,
n04127904,"sail, canvas, canvass, sheet",a large piece of fabric (usually canvas fabric) by means of which wind is used to propel a sailing vessel.,,,,,
n07804323,rice,grains used as food either unpolished or more often polished.,,,,,
n04295881,"stadium, bowl, arena, sports stadium",has bow a large structure for open-air sports or entertainments.,,,,,
n04105068,roof,a protective covering that covers or forms the top of a building.,,,,,
n07850329,cheese,a solid food prepared from the pressed curd of milk.,,,,,
n03684823,"locomotive, engine, locomotive engine, railway locomotive",a wheeled vehicle consisting of a self-propelled engine that is used to draw trains along railway tracks.,,,,,
n13135832,seed,a small hard fruit.,,,,,
n10403876,"passenger, rider",a traveler riding in a vehicle (a boat or bus or car or plane or train etc) who is not operating it.,,,,,
n02691156,"airplane, aeroplane, plane",an aircraft that has a fixed wing and is powered by propellers or jets," ""the flight was delayed due to trouble with the airplane"".",,,,
n02954340,cap,a tight-fitting headdress.,,,,,
n07848338,butter,an edible emulsion of fat globules made by churning milk or cream, for cooking and table use.,,,,
n07886849,beer,a general name for alcoholic beverages made by fermenting a cereal (or mixture of cereals) flavored with hops.,,,,,
n04535252,villa,pretentious and luxurious country residence with extensive grounds.,,,,,
n10241300,"laborer, manual laborer, labourer, jack",someone who works with their hands, someone engaged in manual labor.,,,,
n02206856,bee,has bow any of numerous hairy-bodied insects including social and solitary species.,,,,,
n07697825,"bomber, grinder, hero, hero sandwich, hoagie, hoagy, Cuban sandwich, Italian sandwich, poor boy, sub, submarine, submarine sandwich, torpedo, wedge, zep",a large sandwich made of a long crusty roll split lengthwise and filled with meats and cheese (and tomato and onion and lettuce and condiments), different names are used in different sections of the United States.,,,,
n04592741,wing,one of the horizontal airfoils on either side of the fuselage of an airplane.,,,,,
n07712559,"chip, crisp, potato chip, Saratoga chip",a thin crisp slice of potato fried in deep fat.,,,,,
n07858978,honey,a sweet yellow liquid produced by bees.,,,,,
n04372370,"switch, electric switch, electrical switch",control consisting of a mechanical or electrical or electronic device for making or breaking or changing the connections in a circuit.,,,,,
n05218119,"cadaver, corpse, stiff, clay, remains",the dead body of a human being," ""the cadaver was intended for dissection"""," ""the end of the police search was the discovery of a corpse"""," ""the murderer confessed that he threw the stiff in the river"""," ""honor comes to bless the turf that wraps their clay"".",
n03416489,garage,has bow an outbuilding (or part of a building) for housing automobiles.,,,,,
n02872752,boot,has bow footwear that covers the whole foot and lower leg.,,,,,
n04190052,shelf,a support that consists of a horizontal surface for holding objects.,,,,,
n03990474,pot,metal or earthenware cooking vessel that is usually round and deep, often has a handle and lid.,,,,
n04509592,uniform,clothing of distinctive design worn by members of a particular group as a means of identification.,,,,,
n08558963,"residence, abode",any address at which you dwell more than temporarily," ""a person can have several residences"".",,,,
n04157320,sculpture,a three-dimensional work of plastic art.,,,,,
n07806221,salad,food mixtures either arranged on a plate or tossed and served with a moist dressing, usually consisting of or including greens.,,,,
n07829412,sauce,flavorful relish or dressing or topping served as an accompaniment to food.,,,,,
n02076196,seal,any of numerous marine mammals that come on shore to breed, chiefly of cold regions.,,,,
n08677801,"vertex, peak, apex, acme",the highest point (of something)," ""at the peak of the pyramid"".",,,,
n02229544,cricket,has bow leaping insect, male makes chirping noises by rubbing the forewings together.,,,,
n04472243,"transmission, transmission system",the gears that transmit power from an automobile engine via the driveshaft to the live axle.,,,,,
n02810471,"battery, electric battery",a device that produces electricity, may have several primary or secondary cells arranged in parallel or series.,,,,
n03714235,"makeup, make-up, war paint",cosmetics applied to the face to improve or change your appearance.,,,,,
n04192238,shelter,temporary housing for homeless or displaced persons.,,,,,
n05302499,"mouth, oral cavity, oral fissure, rima oris",the opening through which food is taken in and vocalizations emerge," ""he stuffed his mouth with candy"".",,,,
n02984061,cathedral,any large and important church.,,,,,
n02924116,"bus, autobus, coach, charabanc, double-decker, jitney, motorbus, motorcoach, omnibus, passenger vehicle",a vehicle carrying many passengers, used for public transport," ""he always rode the bus to work"".",,,
n14820180,concrete,a strong hard building material composed of sand and gravel and cement and water.,,,,,
n04317976,"stick, control stick, joystick",a lever used by a pilot to control the ailerons and elevators of an airplane.,,,,,
n03058107,"coating, coat",a thin layer covering something," ""a second coat of paint"".",,,,
n07859284,"sugar, refined sugar",a white crystalline carbohydrate used as a sweetener and preservative.,,,,,
n03701640,machinery,machines or machine systems collectively.,,,,,
n10109443,"freak, monster, monstrosity, lusus naturae",a person or animal that is markedly unusual or deformed.,,,,,
n02129604,"tiger, Panthera tigris",has bow large feline of forests in most of Asia having a tawny coat with black stripes, endangered.,,,,
n03057021,coat,an outer garment that has sleeves and covers the body from shoulder down, worn outdoors.,,,,
n04238128,"slide, playground slide, sliding board",plaything consisting of a sloping chute down which children can slide.,,,,,
n03079136,"compact, compact car",a small and economical car.,,,,,
n03594734,"jean, blue jean, denim",has bow (usually plural) close-fitting trousers of heavy denim for manual work or casual wear.,,,,,
n02785648,"bandage, patch",a piece of soft material that covers and protects an injured part of the body.,,,,,
n03484083,"handcart, pushcart, cart, go-cart",wheeled vehicle that can be pushed by a person, may have one or two or four wheels," ""he used a handcart to carry the rocks away"""," ""their pushcart was piled high with groceries"".",,
n03899768,"patio, terrace",usually paved outdoor area adjoining a residence.,,,,,
n04549919,"ward, hospital ward",block forming a division of a hospital (or a suite of rooms) shared by patients who need a similar kind of care," ""they put her in a 4-bed ward"".",,,,
n03976657,pole,a long (usually round) rod of wood or metal or plastic.,,,,,
n10599806,"singer, vocalist, vocalizer, vocaliser",a person who sings.,,,,,
n04228054,ski,narrow wood or metal or plastic runners used in pairs for gliding over snow.,,,,,
n03539433,"horseshoe, shoe",U-shaped plate nailed to underside of horse's hoof.,,,,,
n03206908,dish,a piece of dishware normally used as a container for holding or serving food," ""we gave them a set of dishes for a wedding present"".",,,,
n02839910,bin,a container, usually has a lid.,,,,
n03532342,hook,a curved or bent implement for suspending or pulling something.,,,,,
n02412440,lamb,young sheep.,,,,,
n04350905,"suit, suit of clothes",has bow a set of garments (usually including a jacket and trousers or skirt) for outerwear all of the same fabric and color," ""they buried him in his best suit"".",,,,
n13901211,"barrel, drum",a bulging cylindrical shape, hollow with flat ends.,,,,
n10521662,"reporter, newsman, newsperson",a person who investigates and reports or edits news stories.,,,,,
n03405725,"furniture, piece of furniture, article of furniture",furnishings that make a room or other area ready for occupancy," ""they had too much furniture for the small apartment"""," ""there was only one piece of furniture in the room"".",,,
n02692232,"airport, airdrome, aerodrome, drome",an airfield equipped with control tower and hangars as well as accommodations for passengers and cargo.,,,,,
n02828884,bench,a long seat for more than one person.,,,,,
n03906997,pen,a writing implement with a point from which ink flows.,,,,,
n03797390,mug,has bow with handle and usually cylindrical.,,,,,
n02919792,"bungalow, cottage",a small house with a single story.,,,,,
n07642933,jam,preserve of crushed fruit.,,,,,
n04028315,puzzle,a game that tests your ingenuity.,,,,,
n01846331,duck,small wild or domesticated web-footed broad-billed swimming bird usually having a depressed body and short legs.,,,,,
n03790512,"motorcycle, bike",a motor vehicle with two wheels and a strong frame.,,,,,
n00470966,"rugby, rugby football, rugger",a form of football played with an oval ball.,,,,,
n03605722,junction,the place where two or more things come together.,,,,,
n09409752,"ridge, ridgeline",a long narrow range of hills.,,,,,
n03682487,lock,a fastener fitted to a door or drawer to keep it firmly closed.,,,,,
n10722575,trainer,one who trains other persons or animals.,,,,,
n04219424,silk,a fabric made from the fine threads produced by certain insect larvae.,,,,,
n02979836,"cast, plaster cast, plaster bandage",bandage consisting of a firm covering (often made of plaster of Paris) that immobilizes broken bones while they heal.,,,,,
n07749582,lemon,has bow yellow oval fruit with juicy acidic flesh.,,,,,
n03623556,knife,edge tool used as a cutting instrument, has a pointed blade with a sharp edge and a handle.,,,,
n04474466,trap,a device in which something (usually an animal) can be caught and penned.,,,,,
n04021798,pump,a mechanical device that moves fluid or gas by pressure or suction.,,,,,
n07757132,cherry,has bow a red fruit with a single hard stone.,,,,,
n02727825,"apparatus, setup",equipment designed to serve a specific function.,,,,,
n02879718,bow,"has bow a weapon for shooting arrows, composed of a curved piece of resilient wood with a taut cord to propel the arrow.",,,,,
n04407435,temple,place of worship consisting of an edifice for the worship of a deity.,,,,,
n13875571,loop,anything with a round or oval shape (formed by a curve that is closed and does not intersect itself).,,,,,
n03138669,"crown, diadem",an ornamental jeweled headdress signifying sovereignty.,,,,,
n03281145,"elevator, lift",lifting device consisting of a platform or cage that is raised and lowered mechanically in a vertical shaft in order to move people from one floor to another in a building.,,,,,
n02815950,beam,"long thick piece of wood or metal or concrete, etc., used in construction.",,,,,
n10542888,runner,a trained athlete who competes in foot races.,,,,,
n02908217,brush,an implement that has hairs or bristles firmly set into a handle.,,,,,
n09906704,"champion, champ, title-holder",someone who has won first place in a competition.,,,,,
n04108268,rope,a strong line.,,,,,
n04190464,shell,ammunition consisting of a cylindrical metal casing containing an explosive charge and a projectile, fired from a large gun.,,,,
n02808440,"bathtub, bathing tub, bath, tub",has bow a relatively large open container that you fill with water and use to wash the body.,,,,,
n02274259,butterfly,diurnal insect typically having a slender body with knobbed antennae and broad colorful wings.,,,,,
n02484322,monkey,any of various long-tailed primates (excluding the prosimians).,,,,,
n02534734,salmon,any of various large food and game fishes of northern waters, usually migrate from salt to fresh water to spawn.,,,,
n02990373,ceiling,the overhead upper surface of a covered space," ""he hated painting the ceiling"".",,,,
n09229709,bubble,"a hollow globule of gas (e.g., air or carbon dioxide).",,,,,
n09874725,bride,a woman participant in her own marriage ceremony.,,,,,
n03897943,patch,a piece of cloth used as decoration or to mend or cover a hole.,,,,,
n10718131,"tourist, tourer, holidaymaker",someone who travels for pleasure.,,,,,
n02694662,"alarm clock, alarm",a clock that wakes a sleeper at some preset time.,,,,,
n03497657,"hat, chapeau, lid",headdress that protects the head from bad weather, has shaped crown and usually a brim.,,,,
n04413419,terminal,electronic equipment consisting of a device providing access to a computer, has a keyboard and display.,,,,
n04256520,"sofa, couch, lounge",an upholstered seat for more than one person.,,,,,
n02932400,cabin,a small house built of wood, usually in a wooded area.,,,,
n03836062,"nursery, baby's room",a child's room for a baby.,,,,,
n03815615,"necktie, tie",neckwear consisting of a long narrow piece of material worn (mostly by men) under a collar and tied in knot at the front," ""he stood in front of the mirror tightening his necktie"""," ""he wore a vest and tie"".",,,
n07811416,herb,aromatic potherb used in cookery for its savory qualities.,,,,,
n03964495,"playpen, pen",a portable enclosure in which babies may be left to play.,,,,,
n03291819,envelope,"has bow a flat (usually rectangular) container for a letter, thin package, etc..",,,,,
n03991062,"pot, flowerpot",a container in which plants are cultivated.,,,,,
n02777734,balcony,a platform projecting from the wall of a building and surrounded by a balustrade or railing or parapet.,,,,,
n01613294,"eagle, bird of Jove",any of various large keen-sighted diurnal birds of prey noted for their broad wings and strong soaring flight.,,,,,
n12997919,mushroom,any of various fleshy fungi of the subdivision Basidiomycota consisting of a cap at the end of a stem arising from an underground mycelium.,,,,,
n09403427,rainbow,an arc of colored light in the sky caused by refraction of the sun's rays by rain.,,,,,
n02930766,"cab, hack, taxi, taxicab",has bow a car driven by a person whose job is to take passengers where they want to go in exchange for money.,,,,,
n03128519,"cream, ointment, emollient",toiletry consisting of any of various substances in the form of a thick liquid that have a soothing and moisturizing effect when applied to the skin.,,,,,
n04306847,statue,a sculpture representing a human or animal.,,,,,
n07802417,"grain, food grain, cereal",foodstuff prepared from the starchy grains of cereal grasses.,,,,,
n04371774,swing,mechanical device used as a plaything to support someone swinging back and forth.,,,,,
n02694426,"alarm, warning device, alarm system",a device that signals the occurrence of some undesirable event.,,,,,
n13871717,diameter,a straight line connecting the center of a circle with two points on its perimeter (or the center of a sphere with two points on its surface).,,,,,
n10577284,"seller, marketer, vender, vendor, trafficker",someone who promotes or exchanges goods or services for money.,,,,,
n03748162,"mercantile establishment, retail store, sales outlet, outlet",a place of business for retailing goods.,,,,,
n07724943,"bean, edible bean",any of various edible seeds of plants of the family Leguminosae used for food.,,,,,
n03816394,needle,a slender pointer for indicating the reading on the scale of a measuring instrument.,,,,,
n04435180,tile,a flat thin rectangular slab (as of fired clay or rubber or linoleum) used to cover surfaces.,,,,,
n04493381,"tub, vat",a large open vessel for holding or storing liquids.,,,,,
n03832673,"notebook, notebook computer",a small compact portable computer.,,,,,
n02411705,sheep,woolly usually horned ruminant mammal related to the goat.,,,,,
n04392113,"tape, tapeline, tape measure",measuring instrument consisting of a narrow strip (cloth or metal) marked in inches or centimeters and used for measuring lengths," ""the carpenter should have used his tape measure"".",,,,
n10078806,"farmer, husbandman, granger, sodbuster",a person who operates a farm.,,,,,
n03816136,needle,has bow a sharp pointed implement (usually steel).,,,,,
n04231693,"ski tow, ski lift, lift",a powered conveyance that carries skiers up a hill.,,,,,
n07734017,tomato,mildly acid red or yellow pulpy fruit eaten as a vegetable.,,,,,
n02114100,wolf,any of various predatory carnivorous canine mammals of North America and Eurasia that usually hunt in packs.,,,,,
n03916031,"perfume, essence",a toiletry that emits and diffuses a fragrant odor.,,,,,
n03541696,"hostel, hostelry, inn, lodge, auberge",a hotel providing overnight lodging for travelers.,,,,,
n04389033,"tank, army tank, armored combat vehicle, armoured combat vehicle",has bow an enclosed armored military vehicle, has a cannon and moves on caterpillar treads.,,,,
n03631177,lace,a delicate decorative fabric woven in an open web of symmetrical patterns.,,,,,
n02848216,blade,the flat part of a tool or weapon that (usually) has a cutting edge.,,,,,
n03804744,nail,has bow a thin pointed piece of metal that is hammered into materials as a fastener.,,,,,
n03282295,embassy,a diplomatic building where ambassadors live or work.,,,,,
n03222516,"doorbell, bell, buzzer",a push button at an outer door that gives a ringing or buzzing signal when pushed.,,,,,
n07735510,pumpkin,has bow usually large pulpy deep-yellow round fruit of the squash family maturing in late summer or early autumn.,,,,,
n01791625,"chicken, Gallus gallus",a domestic fowl bred for flesh or eggs, believed to have been developed from the red jungle fowl.,,,,
n03880531,"pan, cooking pan",cooking utensil consisting of a wide metal vessel.,,,,,
n13911045,node,a connecting point at which several lines come together.,,,,,
n03457902,"greenhouse, nursery, glasshouse",has bow a building with glass walls and roof, for the cultivation and exhibition of plants under controlled conditions.,,,,
n05266879,specimen,a bit of tissue or blood or urine that is taken for diagnostic purposes," ""they collected a urine specimen for urinalysis"".",,,,
n09472597,volcano,has bow a mountain formed by volcanic material.,,,,,
n03517647,"hideaway, retreat",an area where you can be alone.,,,,,
n02801938,"basket, handbasket",a container that is usually woven and has handles.,,,,,
n04525038,velvet,a silky densely piled fabric with a plain back.,,,,,
n04490091,"truck, motortruck",an automotive vehicle suitable for hauling.,,,,,
n07731952,"corn, edible corn",ears of corn that can be prepared and served for human food.,,,,,
n07802026,hay,grass mowed and cured for use as fodder.,,,,,
n04131208,"salon, beauty salon, beauty parlor, beauty parlour, beauty shop",a shop where hairdressers and beauticians work.,,,,,
n09289331,glacier,a slowly moving mass of ice.,,,,,
n02331046,rat,any of various long-tailed rodents similar to but larger than a mouse.,,,,,
n03239726,drill,has bow a tool with a sharp point and cutting edges for making holes in hard materials (usually rotating rapidly or by repeated blows).,,,,,
n04294879,"stable, stalls, horse barn",a farm building for housing horses or other livestock.,,,,,
n03636649,lamp,has bow a piece of furniture holding one or more electric light bulbs.,,,,,
n04453037,tooth,one of a number of uniform projections on a gear.,,,,,
n04531098,vessel,an object used as a container (especially for liquids).,,,,,
n10720453,"trader, bargainer, dealer, monger",someone who purchases and maintains an inventory of goods to be sold.,,,,,
n13136556,nut,usually large hard-shelled seed.,,,,,
n07753113,fig,has bow fleshy sweet pear-shaped yellowish or purple multiple fruit eaten fresh or preserved or dried.,,,,,
n04153751,screw,has bow a fastener with a tapered threaded shank and a slotted head.,,,,,
n07753592,banana,has bow elongated crescent-shaped yellow fruit with soft sweet flesh.,,,,,
n12582231,"palm, palm tree",has bow any plant of the family Palmae having an unbranched trunk crowned by large pinnate or palmate leaves.,,,,,
n07576182,buffet,a meal set out on a buffet at which guests help themselves.,,,,,
n03721047,marble,a small ball of glass that is used in various games.,,,,,
n02948072,"candle, taper, wax light",has bow stick of wax with a wick in the middle.,,,,,
n02916350,"bullet, slug",a projectile that is fired from a gun.,,,,,
n04181228,"shackle, bond, hamper, trammel",a restraint that confines or restricts freedom (especially something used to tie down or restrain a prisoner).,,,,,
n02503517,elephant,five-toed pachyderm.,,,,,
n04230808,skirt,a garment hanging from the waist, worn mainly by girls and women.,,,,
n03159535,"dairy, dairy farm",a farm where dairy products are produced.,,,,,
n03219135,"doll, dolly",a small replica of a person, used as a toy.,,,,
n09366017,"natural depression, depression",a sunken or depressed geological formation.,,,,,
n03327234,"fence, fencing",a barrier that serves to enclose an area.,,,,,
n03875218,"paint, pigment",a substance used as a coating to protect or decorate a surface (especially a mixture of pigment suspended in a liquid), dries to form a hard coating," ""artists use `paint' and `pigment' interchangeably"".",,,
n03481172,hammer,has bow a hand tool with a heavy rigid head and a handle, used to deliver an impulsive force by striking.,,,,
n03765561,"mill, grinder, milling machinery",machinery that processes materials by grinding or crushing.,,,,,
n03938244,pillow,a cushion to support the head of a sleeping person.,,,,,
n04118021,"rug, carpet, carpeting",has bow floor covering consisting of a piece of thick heavy fabric (usually with nap or pile).,,,,,
n10128748,"ghostwriter, ghost",a writer who gives the credit of authorship to someone else.,,,,,
n07577374,"bite, collation, snack",a light informal meal.,,,,,
n03148324,"cupboard, closet",a small room (or recess) or cabinet used for storage space.,,,,,
n04559451,"water faucet, water tap, tap, hydrant",a faucet for drawing water from a pipe or cask.,,,,,
n03724870,mask,has bow a covering to disguise or conceal the face.,,,,,
n03788195,mosque,has bow (Islam) a Muslim place of worship that usually has a minaret.,,,,,
n12142085,wheat,annual or biennial grass having erect flower spikes and light brown grains.,,,,,
n04118635,ruin,a ruined building," ""they explored several Roman ruins"".",,,,
n01482330,shark,any of numerous elongate mostly marine carnivorous fishes with heterocercal caudal fins and tough skin covered with small toothlike scales.,,,,,
n02403454,"cow, moo-cow",female of domestic cattle," ""`moo-cow' is a child's term"".",,,,
n04192858,shield,a protective covering or structure.,,,,,
n03862676,oven,kitchen appliance used for baking or roasting.,,,,,
n02873839,"booth, cubicle, stall, kiosk",small area set off by walls for special use.,,,,,
n04476259,tray,an open receptacle for holding or displaying or serving articles or food.,,,,,
n07686873,toast,slices of bread that have been toasted.,,,,,
n04600486,"workbench, work bench, bench",a strong worktable for a carpenter or mechanic.,,,,,
n10514429,"referee, ref",(sports) the chief official (as in boxing or American football) who is expected to ensure fair play.,,,,,
n02430045,"deer, cervid",distinguished from Bovidae by the male's having solid deciduous antlers.,,,,,
n02159955,insect,small air-breathing arthropod.,,,,,
n07569106,flour,fine powdery foodstuff obtained by grinding and sifting the meal of a cereal grain.,,,,,
n01772222,spider,"predatory arachnid with eight legs, two poison fangs, two feelers, and usually two silk-spinning organs at the back end of the body", they spin silk to make cocoons for eggs or traps for prey.,,,,
n04071102,"refuge, sanctuary, asylum",a shelter from danger or hardship.,,,,,
n07742704,berry,any of numerous small and pulpy edible fruits, used as desserts or in making jams and jellies and preserves.,,,,
n09238926,cave,a geological formation consisting of an underground enclosure with access from the surface of the ground or from the sea.,,,,,
n07930554,punch,an iced mixed drink usually containing alcohol and prepared for multiple servings, normally served in a punch bowl.,,,,
n03593526,jar,a vessel (usually cylindrical) with a wide mouth and without handles.,,,,,
n07745940,strawberry,has bow sweet fleshy red fruit.,,,,,
n03220513,dome,has bow a hemispherical roof.,,,,,
n04215402,"sidewalk, pavement",walk consisting of a paved area for pedestrians, usually beside a street or roadway.,,,,
n04411264,"tent, collapsible shelter",has bow a portable shelter (usually of canvas stretched over supporting poles and fastened to the ground with ropes and pegs)," ""he pitched his tent near the creek"".",,,,
n02729965,"appliance, contraption, contrivance, convenience, gadget, gizmo, gismo, widget",a device or control that is very useful for a particular job.,,,,,
n03859958,"outfit, getup, rig, turnout",a set of clothing (with accessories)," ""his getup was exceedingly elegant"".",,,,
n12433081,onion,the bulb of an onion plant.,,,,,
n03648219,"laundry, wash, washing, washables",garments or white goods that can be cleaned by laundering.,,,,,
n09820263,"athlete, jock",a person trained to compete in sports.,,,,,
n04099429,"rocket, projectile",any vehicle self-propelled by a rocket engine.,,,,,
n03871628,packet,a small package or bundle.,,,,,
n13085113,weed,any plant that crowds out cultivated plants.,,,,,
n13865298,cylinder,a solid bounded by a cylindrical surface and two parallel planes (the bases).,,,,,
n02953673,"canvas, canvass","a heavy, closely woven fabric (used for clothing or chairs or sails or tents).",,,,,
n07707451,"vegetable, veggie, veg",edible seeds or roots or stems or leaves or bulbs or tubers or nonsweet fruits of any of numerous herbaceous plant.,,,,,
n04205318,"short pants, shorts, trunks",has bow trousers that end at or above the knee.,,,,,
n03113657,costume,the attire worn in a play or at a fancy dress ball," ""he won the prize for best costume"".",,,,
n03513137,helmet,a protective headgear made of hard material to resist blows.,,,,,
n04456115,torch,a light usually carried in the hand, consists of some flammable substance.,,,,
n03908204,pencil,has bow a thin cylindrical pointed writing implement, a rod of marking substance encased in wood.,,,,
n03003091,chalk,"a piece of calcite or a similar substance, usually in the shape of a crayon, that is used to write or draw on blackboards or other flat surfaces.",,,,,
n03206282,"disco, discotheque",a public dance hall for dancing to recorded popular music.,,,,,
n04507155,umbrella,has bow a lightweight handheld collapsible canopy.,,,,,
n03180969,"detector, sensor, sensing element",any device that receives a signal or stimulus (as heat or pressure or light or motion etc.) and responds to it in a distinctive manner.,,,,,
n02382437,pony,any of various breeds of small gentle horses usually less than five feet high at the shoulder.,,,,,
n12268246,"oak, oak tree",a deciduous tree of the genus Quercus, has acorns and lobed leaves," ""great oaks grow from little acorns"".",,,
n07614500,"ice cream, icecream",frozen dessert containing cream and sugar and flavoring.,,,,,
n02800497,"basement, cellar",the lowermost portion of a structure partly or wholly below ground level, often used for storage.,,,,
n03928116,"piano, pianoforte, forte-piano",a keyboard instrument that is played by depressing keys that cause hammers to strike tuned strings and produce sounds.,,,,,
n10747119,vegetarian,eater of fruits and grains and nuts, someone who eats no meat or fish or (often) any animal products.,,,,
n02694045,aisle,part of a church divided laterally from the nave proper by rows of pillars or columns.,,,,,
n03502331,"head covering, veil",a garment that covers the head and face.,,,,,
n07893642,"champagne, bubbly",a white sparkling wine either produced in Champagne or resembling that produced there.,,,,,
n04599235,"wool, woolen, woollen",a fabric made from the hair of sheep.,,,,,
n02129165,"lion, king of beasts, Panthera leo",has bow large gregarious predatory feline of Africa and India having a tawny coat with a shaggy mane in the male.,,,,,
n03643253,"laser, optical maser",an acronym for light amplification by stimulated emission of radiation, an optical device that produces an intense monochromatic beam of coherent light.,,,,
n03661340,lid,"a movable top or cover (hinged or separate) for closing the opening at the top of a box, chest, jar, pan, etc."," ""he raised the piano lid"".",,,,
n01922303,worm,any of numerous relatively small elongated soft-bodied animals especially of the phyla Annelida and Chaetognatha and Nematoda and Nemertea and Platyhelminthes, also many insect larvae.,,,,
n02936714,"cage, coop",an enclosure made or wire or metal bars in which birds or animals can be kept.,,,,,
n07736692,spinach,has bow dark green leaves, eaten cooked or raw in salads.,,,,
n03233905,drawer,a boxlike container in a piece of furniture, made so as to slide in and out.,,,,
n04358707,supermarket,a large self-service grocery store selling groceries and dairy products and household goods.,,,,,
n02949202,cane,a stick that people can lean on to help them walk.,,,,,
n09251407,comet,(astronomy) a relatively small extraterrestrial body consisting of a frozen mass that travels around the sun in a highly elliptical orbit.,,,,,
n04038727,rack,framework for holding objects.,,,,,
n02667379,abbey,a monastery ruled by an abbot.,,,,,
n05578095,heel,the back part of the human foot.,,,,,
n07612632,pudding,any of various soft sweet desserts thickened usually with flour and baked or boiled or steamed.,,,,,
n02732072,"aquarium, fish tank, marine museum",a tank or pool or bowl filled with water for keeping live fish and underwater animals.,,,,,
n02152881,"prey, quarry",animal hunted or caught for food.,,,,,
n04530566,"vessel, watercraft",a craft designed for water transportation.,,,,,
n02909870,"bucket, pail",has bow a roughly cylindrical vessel that is open at the top.,,,,,
n07714990,broccoli,has bow branched green undeveloped flower heads.,,,,,
n09953052,conductor,the person who collects fares on a public conveyance.,,,,,
n02795528,"barrel, gun barrel",a tube through which a bullet travels when a gun is fired.,,,,,
n01621127,"owl, bird of Minerva, bird of night, hooter",nocturnal bird of prey with hawk-like beak and claws and large head with front-facing eyes.,,,,,
n02932019,cabin,the enclosed compartment of an aircraft or spacecraft where passengers are carried.,,,,,
n03249569,"drum, membranophone, tympan",has bow a musical percussion instrument, usually consists of a hollow cylinder with a membrane stretched across each end.,,,,
n02978881,cassette,a container that holds a magnetic tape used for recording or playing sound or video.,,,,,
n03933933,pier,a support for two adjacent bridge spans.,,,,,
n10245639,"landowner, landholder, property owner",a holder or proprietor of land.,,,,,
n04459362,towel,a rectangular piece of absorbent cloth (or paper) for drying or wiping.,,,,,
n14698884,"gravel, crushed rock",rock fragments and pebbles.,,,,,
n03581125,"intersection, crossroad, crossway, crossing, carrefour",a junction where one street or road crosses another.,,,,,
n02200198,mosquito,has bow two-winged insect whose female has a long proboscis to pierce the skin and suck the blood of humans and animals.,,,,,
n02701002,ambulance,has bow a vehicle that takes people to and from hospitals.,,,,,
n03106722,"cord, corduroy",a cut pile fabric with vertical ribs, usually made of cotton.,,,,
n03273913,"electric refrigerator, fridge",a refrigerator in which the coolant is pumped around by an electric motor.,,,,,
n03854065,"organ, pipe organ",wind instrument whose sound is produced by means of pipes arranged in sets supplied with air from a bellows and controlled from a large complex musical keyboard.,,,,,
n04090263,rifle,has bow a shoulder firearm with a long barrel and a rifled bore," ""he lifted the rifle to his shoulder and fired"".",,,,
n04008634,"projectile, missile",a weapon that is forcibly thrown or projected at a targets but is not self-propelled.,,,,,
n03441112,glove,handwear, covers the hand and wrist.,,,,
n03151077,"curtain, drape, drapery, mantle, pall",hanging cloth used as a blind (especially for a window).,,,,,
n04577769,whip,an instrument with a handle and a flexible lash that is used for whipping.,,,,,
n10142391,"grandfather, gramps, granddad, grandad, granddaddy, grandpa",the father of your father or mother.,,,,,
n02865665,bolt,a screw that screws into a nut to form a fastener.,,,,,
n03207305,"dish, dish aerial, dish antenna, saucer",directional antenna consisting of a parabolic reflector for microwave or radio frequency radiation.,,,,,
n02139199,"bat, chiropteran",nocturnal mouselike mammal with forelimbs modified to form membranous wings and anatomical adaptations for echolocation by which they navigate.,,,,,
n07860988,dough,a flour mixture stiff enough to knead or roll.,,,,,
n02889425,brake,a restraint used to slow or stop a vehicle.,,,,,
n02761392,"automaton, robot, golem",a mechanism that can move automatically.,,,,,
n13907272,"crevice, cranny, crack, fissure, chap",a long narrow depression in a surface.,,,,,
n03020034,"chip, microchip, micro chip, silicon chip, microprocessor chip",electronic equipment consisting of a small crystal of a silicon semiconductor fabricated to carry out a number of electronic functions in an integrated circuit.,,,,,
n02919414,"bundle, sheaf",a package of several things tied together for carrying or storing.,,,,,
n04182322,shaft,a long rod or pole (especially the handle of an implement or the body of a weapon like a spear or arrow).,,,,,
n02795169,"barrel, cask",has bow a cylindrical container that holds liquids.,,,,,
n02152740,"predator, predatory animal",any animal that lives by preying on other animals.,,,,,
n07906284,"whiskey, whisky",a liquor made from fermented mash of grain.,,,,,
n08616050,"pasture, pastureland, grazing land, lea, ley",a field covered with grass or herbage and suitable for grazing by livestock.,,,,,
n01726692,"snake, serpent, ophidian",limbless scaly elongate reptile, some are venomous.,,,,
n04284002,spoon,a piece of cutlery with a shallow bowl-shaped container and a handle, used to stir or serve or take up food.,,,,
n03313333,"facade, frontage, frontal",the face or front of a building.,,,,,
n04326896,stool,a simple seat without a back or arms.,,,,,
n03733281,"maze, labyrinth",has bow complex system of paths or tunnels in which it is easy to get lost.,,,,,
n04517823,"vacuum, vacuum cleaner",has bow an electrical home appliance that cleans by suction.,,,,,
n02395406,"hog, pig, grunter, squealer, Sus scrofa",domestic swine.,,,,,
n03237639,"dressing, medical dressing",a cloth covering for a wound or sore.,,,,,
n08521623,"cemetery, graveyard, burial site, burial ground, burying ground, memorial park, necropolis",a tract of land used for burials.,,,,,
n10679174,"surgeon, operating surgeon, sawbones",a physician who specializes in surgery.,,,,,
n13879320,"triangle, trigon, trilateral",a three-sided polygon.,,,,,
n13077033,"mold, mould",a fungus that produces a superficial growth on various kinds of damp or decaying organic matter.,,,,,
n02699494,altar,a raised structure on which gifts or sacrifices to a god are made.,,,,,
n03080309,compartment,a space into which an area is subdivided.,,,,,
n10707233,"therapist, healer",a person skilled in a particular type of therapy.,,,,,
n10559288,"schoolchild, school-age child, pupil",a young person attending school (up through senior high school).,,,,,
n04272054,"spectacles, specs, eyeglasses, glasses",optical instrument consisting of a frame that holds a pair of lenses for correcting defective vision.,,,,,
n02324045,"rabbit, coney, cony",any of various burrowing animals of the family Leporidae having long ears and short tails, some domesticated and raised for pets or food.,,,,
n03329663,"ferry, ferryboat",a boat that transports people or vehicles across a body of water and operates on a regular schedule.,,,,,
n04254777,sock,has bow hosiery consisting of a cloth covering for the foot, worn inside the shoe, reaches to between the ankle and the knee.,,,
n01811909,pigeon,wild and domesticated birds having a heavy body and short legs.,,,,,
n03686130,"loft, attic, garret",floor consisting of open space at the top of a house just below roof, often used for storage.,,,,
n10628644,"sovereign, crowned head, monarch",a nation's ruler or head of state usually by hereditary right.,,,,,
n03839795,obstacle,an obstruction that stands in the way (and must be removed or surmounted or circumvented).,,,,,
n03992703,"pottery, clayware",ceramic ware made from clay and baked in a kiln.,,,,,
n09899782,casualty,someone injured or killed or captured or missing in a military engagement.,,,,,
n10112129,"monk, monastic",a male religious living in a cloister and devoting himself to contemplation and prayer and work.,,,,,
n02068974,dolphin,any of various small toothed whales with a beaklike snout, larger than porpoises.,,,,
n02062744,whale,any of the larger cetacean mammals having a streamlined body and breathing through a blowhole on the head.,,,,,
n02402425,"cattle, cows, kine, oxen, Bos taurus",domesticated bovine animals as a group regardless of sex or age," ""so many head of cattle"""," ""wait till the cows come home"""," ""seven thin and ill-favored kine""- Bible"," ""a team of oxen"".",
n03359137,"flashlight, torch",a small portable battery-powered electric lamp.,,,,,
n04610013,"yacht, racing yacht",an expensive vessel propelled by sail or power and used for cruising or racing.,,,,,
n03665924,"light bulb, lightbulb, bulb, incandescent lamp, electric light, electric-light bulb",electric lamp consisting of a transparent or translucent glass housing containing a wire filament (usually tungsten) that emits light when heated by electricity.,,,,,
n03781244,monastery,the residence of a religious community.,,,,,
n02738535,armchair,has bow chair with a support on each side for arms.,,,,,
n03612814,"kettle, boiler",a metal pot for stewing or boiling, usually has a lid.,,,,
n07818277,"garlic, ail",aromatic bulb used as seasoning.,,,,,
n03627232,knot,has bow any of various fastenings formed by looping and tying a rope (or cord) upon itself or to another rope or to another object.,,,,,
n03064758,"coffin, casket",box in which a corpse is buried or cremated.,,,,,
n03547054,"hovel, hut, hutch, shack, shanty",small crude shelter used as a dwelling.,,,,,
n04543158,"wagon, waggon",any of various kinds of wheeled vehicles drawn by an animal or a tractor.,,,,,
n02416519,"goat, caprine animal",any of numerous agile ruminants related to sheep but having a beard and straight horns.,,,,,
n01887896,calf,young of domestic cattle.,,,,,
n02867715,bomber,a military aircraft that drops bombs during flight.,,,,,
n01889520,mole,small velvety-furred burrowing mammal having small eyes and fossorial forefeet.,,,,,
n10223177,jockey,someone employed to ride horses in horse races.,,,,,
n04133789,sandal,has bow a shoe consisting of a sole fastened by straps to the foot.,,,,,
n04489008,"trouser, pant","(usually in the plural) a garment extending from the waist to the knee or ankle, covering each leg separately"," ""he had a sharp crease in his trousers"".",,,,
n04429376,throne,"the chair of state for a monarch, bishop, etc."," ""the king sat on his throne"".",,,,
n04370048,"sweater, jumper",a crocheted or knitted garment covering the upper part of the body.,,,,,
n03450516,"gown, robe",outerwear consisting of a long flowing garment used for official or ceremonial occasions.,,,,,
n03512147,"helicopter, chopper, whirlybird, eggbeater",an aircraft without wings that obtains its lift from the rotation of overhead blades.,,,,,
n08554440,"suburb, suburbia, suburban area",a residential district located on the outskirts of a city.,,,,,
n10091651,"fireman, firefighter, fire fighter, fire-eater",a member of a fire department who tries to extinguish fires.,,,,,
n03223686,"doorsill, doorstep, threshold",the sill of a door, a horizontal piece of wood or stone that forms the bottom of a doorway and offers support when passing through a doorway.,,,,
n01944390,snail,has bow freshwater or marine or terrestrial gastropod mollusk usually having an external enclosing spiral shell.,,,,,
n02761834,"automobile horn, car horn, motor horn, horn, hooter",a device on an automobile for making a warning noise.,,,,,
n03511175,"hedge, hedgerow",a fence formed by a row of closely planted shrubs or bushes.,,,,,
n03696065,"luggage compartment, automobile trunk, trunk",compartment in an automobile that carries luggage or shopping or tools," ""he put his golf bag in the trunk"".",,,,
n10655594,"steward, flight attendant",an attendant on an airplane.,,,,,
n01792640,"hen, biddy",adult female chicken.,,,,,
n03834040,"nuclear reactor, reactor",(physics) any of several kinds of apparatus that maintain and control a nuclear reaction for the production of energy or artificial elements.,,,,,
n02219486,"ant, emmet, pismire",has bow social insect living in organized colonies, characteristically the males and fertile queen have wings during breeding season, wingless sterile females are the workers.,,,
n01639765,"frog, toad, toad frog, anuran, batrachian, salientian",any of various tailless stout-bodied amphibians with long hind limbs for leaping, semiaquatic and terrestrial species.,,,,
n07718472,"cucumber, cuke",has bow cylindrical green fruit with thin green rind and white flesh eaten as a vegetable, related to melons.,,,,
n02766534,"baby buggy, baby carriage, carriage, perambulator, pram, stroller, go-cart, pushchair, pusher",a small vehicle with four wheels in which a baby or child is pushed around.,,,,,
n04335435,"streetcar, tram, tramcar, trolley, trolley car",a wheeled vehicle that runs on rails and is propelled by electricity.,,,,,
n05418717,"vein, vena, venous blood vessel",a blood vessel that carries blood from the capillaries toward the heart," ""all veins except the pulmonary vein carry unaerated blood"".",,,,
n10282672,"maid, maidservant, housemaid, amah",a female domestic.,,,,,
n10753442,villager,one who has lived in a village most of their life.,,,,,
n03957420,"plaster, adhesive plaster, sticking plaster",adhesive tape used in dressing wounds.,,,,,
n10002760,"demonstrator, protester",someone who participates in a public display of group feeling.,,,,,
n07737745,"peanut, earthnut, goober, goober pea, groundnut, monkey nut",has bow pod of the peanut vine containing usually 2 nuts or seeds, `groundnut' and `monkey nut' are British terms.,,,,
n03141823,crutch,has bow a wooden or metal staff that fits under the armpit and reaches to the ground, used by disabled person while walking.,,,,
n01661091,"reptile, reptilian","any cold-blooded vertebrate of the class Reptilia including tortoises, turtles, snakes, lizards, alligators, crocodiles, and extinct forms.",,,,,
n01458842,"embryo, conceptus, fertilized egg",an animal organism in the early stages of growth and differentiation that in higher forms merge into fetal stages but in lower forms terminate in commencement of larval life.,,,,,
n09620078,"inhabitant, habitant, dweller, denizen, indweller",a person who inhabits a particular place.,,,,,
n02097047,miniature schnauzer,a small schnauzer.,,,,,
n05245192,"freckle, lentigo",a small brownish spot (of the pigment melanin) on the skin.,,,,,
n13083023,houseplant,any of a variety of plants grown indoors for decorative purposes.,,,,,
n02869563,boneshaker,any wheeled vehicle that is dilapidated and uncomfortable," ""that old bike without rubber tires was a real boneshaker"".",,,,
n01351170,Brucella,an aerobic Gram-negative coccobacillus that causes brucellosis, can be used as a bioweapon.,,,,
n01803641,"afropavo, Congo peafowl, Afropavo congensis",both sexes are brightly colored.,,,,,
n01569566,"blackpoll, Dendroica striate",North American warbler having a black-and-white head.,,,,,
n02373336,"odd-toed ungulate, perissodactyl, perissodactyl mammal",placental mammals having hooves with an odd number of toes on each foot.,,,,,
